{
  "LeftToeBase_end_end": {
    "rotation": [
      -2.9902275855420157e-7,
      -4.6324566937983036e-7,
      1.0411895345896482e-8,
      1
    ],
    "translation": [
      0.000003069639205932617,
      13.31139087677002,
      -0.000008808914572000504
    ]
  },
  "LeftToeBase_end": {
    "rotation": [
      -5.5570364310142395e-8,
      -0.000005856375537405256,
      2.4095061235129833e-7,
      1
    ],
    "translation": [
      -9.10833477973938e-7,
      13.311389923095703,
      -2.5064218789339066e-7
    ]
  },
  "LeftToeBase": {
    "rotation": [
      -0.3260658085346222,
      0.006875531282275915,
      0.002366454340517521,
      0.9453191161155701
    ],
    "translation": [
      -0.000002555549144744873,
      13.311427116394043,
      -0.000010661780834197998
    ]
  },
  "LeftFoot": {
    "rotation": [
      -0.47490233182907104,
      0.012912217527627945,
      0.0118737006559968,
      0.8798636794090271
    ],
    "translation": [
      0.0000046108525566523895,
      27.233972549438477,
      0.000001214140411320841
    ]
  },
  "LeftLeg": {
    "rotation": [
      -5.522339208141602e-8,
      0.038762860000133514,
      2.3294217044167453e-7,
      0.9992484450340271
    ],
    "translation": [
      -0.000006229067366803065,
      35.793006896972656,
      -0.0000019295730453450233
    ]
  },
  "LeftUpLeg": {
    "rotation": [
      -0.9969552159309387,
      -0.03066672943532467,
      0.06679322570562363,
      0.026048779487609863
    ],
    "translation": [
      7.345258712768555,
      -8.486502647399902,
      -0.666351854801178
    ]
  },
  "RightToeBase_end_end": {
    "rotation": [
      2.923088402440044e-7,
      -0.0000021515661501325667,
      3.7893180149239925e-8,
      1
    ],
    "translation": [
      -0.000002779066562652588,
      13.132390975952148,
      0.000021982239559292793
    ]
  },
  "RightToeBase_end": {
    "rotation": [
      -5.942319702967325e-8,
      0.000010427696906845085,
      -2.471642446266742e-8,
      1
    ],
    "translation": [
      0.0000016354024410247803,
      13.132390022277832,
      0.000029804767109453678
    ]
  },
  "RightToeBase": {
    "rotation": [
      -0.33142849802970886,
      -0.005521463695913553,
      -0.0019373241811990738,
      0.9434621930122375
    ],
    "translation": [
      0.0000046622008085250854,
      13.132412910461426,
      -0.000007875263690948486
    ]
  },
  "RightFoot": {
    "rotation": [
      -0.4718078076839447,
      -0.010153110139071941,
      -0.009298834018409252,
      0.8815939426422119
    ],
    "translation": [
      -5.950109311925189e-7,
      26.508188247680664,
      0.0000042607757677615155
    ]
  },
  "RightLeg": {
    "rotation": [
      -1.118833452551371e-7,
      -0.03971099853515625,
      -1.0823423934880338e-8,
      0.9992111921310425
    ],
    "translation": [
      -0.0000023405855245073326,
      36.3862190246582,
      3.519990059430711e-7
    ]
  },
  "RightUpLeg": {
    "rotation": [
      -0.999155580997467,
      -0.028622636571526527,
      -0.008317660540342331,
      0.028279537335038185
    ],
    "translation": [
      -6.540255546569824,
      -9.482053756713867,
      0.13798946142196655
    ]
  },
  "LeftHand_end_end": {
    "rotation": [
      -8.045754640306768e-8,
      8.169809717628596e-8,
      -3.230525624786651e-9,
      1
    ],
    "translation": [
      0.0000017285346984863281,
      23.918777465820312,
      0.000022573396563529968
    ]
  },
  "LeftHand_end": {
    "rotation": [
      -4.816683940589428e-9,
      -2.2628225959664405e-9,
      8.63510649651289e-8,
      1
    ],
    "translation": [
      -0.0000011175870895385742,
      23.918794631958008,
      0.00003943080082535744
    ]
  },
  "LeftHand": {
    "rotation": [
      -0.0034362440928816795,
      -0.002774476772174239,
      0.009963003918528557,
      0.9999406337738037
    ],
    "translation": [
      -3.581362761906348e-7,
      23.91880226135254,
      0.000006619594387302641
    ]
  },
  "LeftForeArm": {
    "rotation": [
      3.055511399452371e-9,
      -0.057935930788517,
      -2.7341057418084347e-8,
      0.9983202815055847
    ],
    "translation": [
      0.0000010634512364049442,
      24.94298553466797,
      -0.000006883600690343883
    ]
  },
  "LeftArm": {
    "rotation": [
      -0.0011920207180082798,
      0.08360511064529419,
      0.014206619933247566,
      0.9963970184326172
    ],
    "translation": [
      -0.0000010785770427901298,
      13.795832633972168,
      -0.000022171503587742336
    ]
  },
  "LeftShoulder": {
    "rotation": [
      0.5094081163406372,
      0.5241445302963257,
      -0.503471314907074,
      0.4607522189617157
    ],
    "translation": [
      3.4845714569091797,
      1.6261460781097412,
      -0.37909024953842163
    ]
  },
  "RightHand_end_end": {
    "rotation": [
      3.987223884394098e-9,
      3.3905953600310568e-9,
      -1.979059804924077e-9,
      1
    ],
    "translation": [
      0.0000021457672119140625,
      24.63138198852539,
      -0.00001506507396697998
    ]
  },
  "RightHand_end": {
    "rotation": [
      -4.860338798096109e-9,
      -6.8539511843823675e-9,
      1.3387757569205405e-9,
      1
    ],
    "translation": [
      0.0000014379620552062988,
      24.631380081176758,
      0.000027461908757686615
    ]
  },
  "RightHand": {
    "rotation": [
      0.013768232427537441,
      -0.013364680111408234,
      -0.015407773666083813,
      0.9996971487998962
    ],
    "translation": [
      0.0000043978934627375565,
      24.631362915039062,
      -0.00009177043102681637
    ]
  },
  "RightForeArm": {
    "rotation": [
      0.0000038717307688784786,
      0.0742996335029602,
      -1.205074084964508e-7,
      0.9972359538078308
    ],
    "translation": [
      0.000009593892173143104,
      22.77828025817871,
      0.00010944734094664454
    ]
  },
  "RightArm": {
    "rotation": [
      -0.0012696686899289489,
      -0.09192058444023132,
      -0.013732080347836018,
      0.9956708550453186
    ],
    "translation": [
      -0.0000031393428798764944,
      14.38185977935791,
      -0.000053361596656031907
    ]
  },
  "RightShoulder": {
    "rotation": [
      0.509652316570282,
      -0.5239070653915405,
      0.47469034790992737,
      0.49035191535949707
    ],
    "translation": [
      -3.5512592792510986,
      1.8231898546218872,
      -0.17153498530387878
    ]
  },
  "head_end_end_end": {
    "rotation": [
      1.1978411862401117e-7,
      -6.658957119043407e-8,
      1.307926424942707e-7,
      1
    ],
    "translation": [
      -0.0000020265579223632812,
      24.707578659057617,
      -0.000013686716556549072
    ]
  },
  "head_end_end": {
    "rotation": [
      -1.355510761413825e-7,
      -6.129266694188118e-8,
      -6.216578185558319e-8,
      1
    ],
    "translation": [
      0.000001952052116394043,
      24.70753288269043,
      -0.000011339783668518066
    ]
  },
  "head_end": {
    "rotation": [
      -0.17752934992313385,
      -2.4161829870195106e-8,
      0.00406491057947278,
      0.9841071367263794
    ],
    "translation": [
      -0.28382205963134766,
      33.23793411254883,
      -12.395657539367676
    ]
  },
  "headfront_end_end": {
    "rotation": [
      3.786160702448291e-14,
      1.0770627011796874e-14,
      -1.1006133696641075e-16,
      1
    ],
    "translation": [
      1.8796396261677728e-7,
      24.707630157470703,
      -0.000005030579359299736
    ]
  },
  "headfront_end": {
    "rotation": [
      -2.980233304583635e-8,
      1.7203730107162585e-10,
      -2.328301773601993e-9,
      1
    ],
    "translation": [
      -5.781147649486229e-8,
      24.70762825012207,
      -0.0000663904647808522
    ]
  },
  "headfront": {
    "rotation": [
      0.5209023952484131,
      -8.510879467849009e-8,
      -0.011927150189876556,
      0.8535329103469849
    ],
    "translation": [
      0.2838224768638611,
      6.3710198402404785,
      12.395611763000488
    ]
  },